<?xml version="1.0" encoding="UTF-8" standalone="yes"?>
<addon id="plugin.video.akawizard" name="..AKA Wizard" version="2.0.2" provider-name="AKA BUILDS">
  <requires>
    <import addon="xbmc.python" version="2.1.0"/>
  </requires>
  <extension point="xbmc.python.pluginsource" library="default.py">
        <provides>video executable</provides>
  </extension>
  <extension point="xbmc.addon.metadata">
    <summary lang="en">AKA Wizard</summary>
    <description lang="en">Easy Install With AKA Wizard</description>
    <platform>all</platform>
  </extension>
</addon>
