﻿<?xml version="1.0" encoding="UTF-8" standalone="yes"?>
<addon id="repository.VinManJSV" name="VinmanJSV REPO" version="1.0" provider-name="Vinman_sv">
	<extension point="xbmc.addon.repository" name="VinmanJSV REPO">
        <info compressed="false">http://raw.github.com/VinmanJSV/OPENJAVA/master/addons.xml</info>
        <checksum>http://raw.github.com/VinmanJSV/OPENJAVA/master/addons.xml.md5</checksum>
        <datadir zip="true">https://github.com/VinmanJSV/OPENJAVA/tree/master/zips</datadir>
    </extension>
    <extension point="xbmc.addon.metadata">
        <summary></summary>
        <description></description>
        <platform>all</platform>
    </extension>
</addon>
